Workbook

Sheet features
A1: app | B1: feature | C1: #words
A2: WhatsApp | B2: Broadcast messages to multiple contacts | C2: =IF(LEN(TRIM(B2))=0,0, LEN(TRIM(B2)) - LEN(SUBSTITUTE(B2, " ", "")) + 1) -> 5
A3: WhatsApp | B3: Integrates with address book | C3: =IF(LEN(TRIM(B3))=0,0, LEN(TRIM(B3)) - LEN(SUBSTITUTE(B3, " ", "")) + 1) -> 4
A4: WhatsApp | B4: Email chat history | C4: =IF(LEN(TRIM(B4))=0,0, LEN(TRIM(B4)) - LEN(SUBSTITUTE(B4, " ", "")) + 1) -> 3
A5: WhatsApp | B5: Set custom wallpapers | C5: =IF(LEN(TRIM(B5))=0,0, LEN(TRIM(B5)) - LEN(SUBSTITUTE(B5, " ", "")) + 1) -> 3
A6: WhatsApp | B6: Send messages | C6: =IF(LEN(TRIM(B6))=0,0, LEN(TRIM(B6)) - LEN(SUBSTITUTE(B6, " ", "")) + 1) -> 2
A7: WhatsApp | B7: Receive messages | C7: =IF(LEN(TRIM(B7))=0,0, LEN(TRIM(B7)) - LEN(SUBSTITUTE(B7, " ", "")) + 1) -> 2
A8: WhatsApp | B8: Send files | C8: =IF(LEN(TRIM(B8))=0,0, LEN(TRIM(B8)) - LEN(SUBSTITUTE(B8, " ", "")) + 1) -> 2
A9: WhatsApp | B9: Receive files | C9: =IF(LEN(TRIM(B9))=0,0, LEN(TRIM(B9)) - LEN(SUBSTITUTE(B9, " ", "")) + 1) -> 2
A10: WhatsApp | B10: WhatsApp call | C10: =IF(LEN(TRIM(B10))=0,0, LEN(TRIM(B10)) - LEN(SUBSTITUTE(B10, " ", "")) + 1) -> 2
A11: WhatsApp | B11: Group chats | C11: =IF(LEN(TRIM(B11))=0,0, LEN(TRIM(B11)) - LEN(SUBSTITUTE(B11, " ", "")) + 1) -> 2
A12: WhatsApp | B12: Set wallpapers | C12: =IF(LEN(TRIM(B12))=0,0, LEN(TRIM(B12)) - LEN(SUBSTITUTE(B12, " ", "")) + 1) -> 2
A13: WhatsApp | B13: Offline message | C13: =IF(LEN(TRIM(B13))=0,0, LEN(TRIM(B13)) - LEN(SUBSTITUTE(B13, " ", "")) + 1) -> 2
... A125: eBay | B125: Get alert | C125: =IF(LEN(TRIM(B125))=0,0, LEN(TRIM(B125)) - LEN(SUBSTITUTE(B125, " ", "")) + 1) -> 2

Sheet features-subset
A1: app | B1: feature | C1: #words
A2: WhatsApp | B2: Broadcast messages to multiple contacts | C2: =IF(LEN(TRIM(B2))=0,0, LEN(TRIM(B2)) - LEN(SUBSTITUTE(B2, " ", "")) + 1) -> 5 | F2: eBay | G2: =COUNTIF(A$2:A17,F2) -> 2
A3: WhatsApp | B3: Send files | C3: =IF(LEN(TRIM(B3))=0,0, LEN(TRIM(B3)) - LEN(SUBSTITUTE(B3, " ", "")) + 1) -> 2 | F3: WhatsApp | G3: =COUNTIF(A$2:A18,F3) -> 2
A4: Twitter | B4: Watch streams | C4: =IF(LEN(TRIM(B4))=0,0, LEN(TRIM(B4)) - LEN(SUBSTITUTE(B4, " ", "")) + 1) -> 2 | F4: Twitter | G4: =COUNTIF(A$2:A19,F4) -> 2
A5: Twitter | B5: Go Live | C5: =IF(LEN(TRIM(B5))=0,0, LEN(TRIM(B5)) - LEN(SUBSTITUTE(B5, " ", "")) + 1) -> 2 | F5: Spotify | G5: =COUNTIF(A$2:A20,F5) -> 2
A6: Spotify | B6: Play playlist on shuffle mode | C6: =IF(LEN(TRIM(B6))=0,0, LEN(TRIM(B6)) - LEN(SUBSTITUTE(B6, " ", "")) + 1) -> 5 | F6: Photo Editor | G6: =COUNTIF(A$2:A21,F6) -> 2
A7: Spotify | B7: Access to podcasts | C7: =IF(LEN(TRIM(B7))=0,0, LEN(TRIM(B7)) - LEN(SUBSTITUTE(B7, " ", "")) + 1) -> 3 | F7: Netflix | G7: =COUNTIF(A$2:A22,F7) -> 2
A8: Photo Editor | B8: Build photo collage | C8: =IF(LEN(TRIM(B8))=0,0, LEN(TRIM(B8)) - LEN(SUBSTITUTE(B8, " ", "")) + 1) -> 3 | F8: Facebook | G8: =COUNTIF(A$2:A23,F8) -> 2
A9: Photo Editor | B9: Photo effects | C9: =IF(LEN(TRIM(B9))=0,0, LEN(TRIM(B9)) - LEN(SUBSTITUTE(B9, " ", "")) + 1) -> 2 | F9: Evernote | G9: =COUNTIF(A$2:A24,F9) -> 2
A10: Netflix | B10: Access to movies | C10: =IF(LEN(TRIM(B10))=0,0, LEN(TRIM(B10)) - LEN(SUBSTITUTE(B10, " ", "")) + 1) -> 3
A11: Netflix | B11: Rate movies | C11: =IF(LEN(TRIM(B11))=0,0, LEN(TRIM(B11)) - LEN(SUBSTITUTE(B11, " ", "")) + 1) -> 2
A12: Facebook | B12: Keeping up with friends | C12: =IF(LEN(TRIM(B12))=0,0, LEN(TRIM(B12)) - LEN(SUBSTITUTE(B12, " ", "")) + 1) -> 4
A13: Facebook | B13: Play games | C13: =IF(LEN(TRIM(B13))=0,0, LEN(TRIM(B13)) - LEN(SUBSTITUTE(B13, " ", "")) + 1) -> 2
A14: Evernote | B14: Collaborate with others | C14: =IF(LEN(TRIM(B14))=0,0, LEN(TRIM(B14)) - LEN(SUBSTITUTE(B14, " ", "")) + 1) -> 3
A15: Evernote | B15: Write notes | C15: =IF(LEN(TRIM(B15))=0,0, LEN(TRIM(B15)) - LEN(SUBSTITUTE(B15, " ", "")) + 1) -> 2
A16: eBay | B16: Search for offer on item | C16: =IF(LEN(TRIM(B16))=0,0, LEN(TRIM(B16)) - LEN(SUBSTITUTE(B16, " ", "")) + 1) -> 5
A17: eBay | B17: List items for sale | C17: =IF(LEN(TRIM(B17))=0,0, LEN(TRIM(B17)) - LEN(SUBSTITUTE(B17, " ", "")) + 1) -> 4

Sheet Sheet2
A1: #words
A2: 6 | B2: =COUNTIF(features!C2:C200,A2) -> 0
A3: 5 | B3: =COUNTIF(features!C3:C201,A3) -> 2
A4: 4 | B4: =COUNTIF(features!C4:C202,A4) -> 12
A5: 3 | B5: =COUNTIF(features!C5:C203,A5) -> 21
A6: 2 | B6: =COUNTIF(features!C6:C204,A6) -> 73
A7: 1 | B7: =COUNTIF(features!C7:C205,A7) -> 13
